student_id,name,email,enrollment_date
1,Faustine Pyott,fpyott0@instagram.com,17-08-2023
2,Fiorenze Radclyffe,fradclyffe1@ycombinator.com,22-09-2023
3,Chas Deveril,cdeveril2@youku.com,06-04-2023
4,Elise Berndsen,eberndsen3@oracle.com,24-05-2023
5,Etan Sunman,esunman4@typepad.com,22-05-2023
6,Jacquelin Ham,jham5@cbslocal.com,21-06-2023
7,Whitman Launchbury,wlaunchbury6@wordpress.org,12-06-2023
8,Alfy Gee,agee7@cornell.edu,01-07-2023
9,Alikee Bruckenthal,abruckenthal8@flickr.com,17-07-2023
10,Jacintha Collete,jcollete9@washington.edu,06-07-2023
11,Urson Warbey,uwarbeya@wisc.edu,23-11-2023
12,Pia Stockford,pstockfordb@xing.com,03-04-2023
13,Gerry Leyrroyd,gleyrroydc@sourceforge.net,25-11-2023
14,Miguela Kinningley,mkinningleyd@chron.com,08-09-2023
15,Dell Keiley,dkeileye@apple.com,04-11-2023
16,Daron Kenchington,dkenchingtonf@pcworld.com,22-12-2023
17,Sharline Gorring,sgorringg@icq.com,05-05-2023
18,Marcille Rottgers,mrottgersh@ehow.com,03-06-2023
19,Cristal Pirrey,cpirreyi@telegraph.co.uk,30-06-2023
20,Krissy Leif,kleifj@webmd.com,25-05-2023
21,Elijah Samways,esamwaysk@vistaprint.com,18-08-2023
22,Maddy Stockle,mstocklel@studiopress.com,04-08-2023
23,Hildegarde Aleso,halesom@mediafire.com,14-09-2023
24,Ranice Dahlberg,rdahlbergn@icio.us,14-07-2023
25,Ynes Windle,ywindleo@un.org,12-09-2023
26,Kev Oade,koadep@squarespace.com,30-08-2023
27,Melvyn Crocker,mcrockerq@about.com,09-07-2023
28,Jen Tarquini,jtarquinir@oracle.com,19-06-2023
29,Garek Fanthome,gfanthomes@arizona.edu,18-09-2023
30,Lorita Sirman,lsirmant@hatena.ne.jp,31-07-2023
31,Sanderson Weigh,sweighu@salon.com,11-10-2023
32,Orin Pero,operov@studiopress.com,29-09-2023
33,Raymund Colcomb,rcolcombw@epa.gov,24-11-2023
34,Ilaire Gregory,igregoryx@nhs.uk,27-04-2023
35,Korrie Salvidge,ksalvidgey@seattletimes.com,02-10-2023
36,Whitman Setterfield,wsetterfieldz@weebly.com,20-06-2023
37,Adolf Storre,astorre10@soup.io,02-04-2023
38,Kimberli Lipson,klipson11@yelp.com,11-12-2023
39,Verney Insall,vinsall12@last.fm,17-11-2023
40,Denny Anyon,danyon13@odnoklassniki.ru,29-11-2023
41,Mort McHan,mmchan14@gizmodo.com,22-08-2023
42,Tanney Saw,tsaw15@blinklist.com,28-06-2023
43,Shandeigh Swyer-Sexey,sswyersexey16@squarespace.com,26-05-2023
44,Mirabella Mcwhinney,mmcwhinney17@deviantart.com,15-12-2023
45,Darline Mogra,dmogra18@homestead.com,20-04-2023
46,Kimberlyn Houseley,khouseley19@skyrock.com,28-12-2023
47,Mathilde Swaile,mswaile1a@a8.net,07-04-2023
48,Emelda Pragnell,epragnell1b@imageshack.us,17-11-2023
49,Murial Eldershaw,meldershaw1c@noaa.gov,24-10-2023
50,Forster Pickersgill,fpickersgill1d@wikia.com,31-07-2023
51,Rik Mowling,rmowling1e@amazonaws.com,01-04-2023
52,Trenna Benton,tbenton1f@gnu.org,21-05-2023
53,Hyacinthe Moreno,hmoreno1g@smh.com.au,22-10-2023
54,Gilles Thompson,gthompson1h@google.co.jp,09-07-2023
55,Salvador Leeke,sleeke1i@nsw.gov.au,15-08-2023
56,Neill Joskowicz,njoskowicz1j@nhs.uk,24-10-2023
57,Elroy Haydn,ehaydn1k@yahoo.co.jp,06-06-2023
58,Dori Monahan,dmonahan1l@dyndns.org,04-06-2023
59,Salvidor Daborne,sdaborne1m@people.com.cn,17-09-2023
60,Sondra Duesbury,sduesbury1n@comcast.net,28-12-2023
61,Madelin Casari,mcasari1o@shutterfly.com,10-04-2023
62,Wendel Havick,whavick1p@wsj.com,10-05-2023
63,Bevon Embury,bembury1q@slideshare.net,10-08-2023
64,Chaunce Lehrian,clehrian1r@hao123.com,24-05-2023
65,Rosalyn Lanchester,rlanchester1s@altervista.org,23-10-2023
66,Willabella Bruntjen,wbruntjen1t@engadget.com,11-09-2023
67,Karlis Scandwright,kscandwright1u@yale.edu,09-06-2023
68,Kellina Scothorn,kscothorn1v@forbes.com,28-05-2023
69,Reinaldo Jenkinson,rjenkinson1w@walmart.com,27-08-2023
70,Angelina Jaspar,ajaspar1x@cargocollective.com,24-07-2023
71,Roma Jeacocke,rjeacocke1y@ycombinator.com,01-08-2023
72,Britt Soutter,bsoutter1z@diigo.com,13-06-2023
73,Emalee McNeice,emcneice20@lulu.com,24-07-2023
74,Eziechiele Twittey,etwittey21@nsw.gov.au,06-12-2023
75,Salvidor Iceton,siceton22@paypal.com,05-04-2023
76,Morganne Garmey,mgarmey23@storify.com,20-08-2023
77,Darrell Altamirano,daltamirano24@domainmarket.com,11-05-2023
78,Hans Whoston,hwhoston25@hp.com,07-05-2023
79,Kermy Corran,kcorran26@trellian.com,26-07-2023
80,Tristam Rawlyns,trawlyns27@friendfeed.com,13-06-2023
81,Arabel Hankard,ahankard28@upenn.edu,19-07-2023
82,Lark O'Kinneally,lokinneally29@networksolutions.com,09-08-2023
83,Garth Leyshon,gleyshon2a@yahoo.com,29-09-2023
84,Genny Ranscomb,granscomb2b@lycos.com,23-09-2023
85,Nalani Weekland,nweekland2c@example.com,07-04-2023
86,Helen-elizabeth Puttock,hputtock2d@ucla.edu,23-05-2023
87,Rakel Quantrill,rquantrill2e@newsvine.com,24-11-2023
88,Roderich Hartmann,rhartmann2f@behance.net,31-08-2023
89,Wilbert Althorpe,walthorpe2g@yellowbook.com,02-11-2023
90,Jilli Zoellner,jzoellner2h@jalbum.net,25-07-2023
91,Dani Spore,dspore2i@ucoz.ru,01-08-2023
92,Bondy Braithwait,bbraithwait2j@oaic.gov.au,02-04-2023
93,Jazmin Summers,jsummers2k@blog.com,03-05-2023
94,Ranique Keirle,rkeirle2l@washington.edu,19-05-2023
95,Vidovic Gurden,vgurden2m@mediafire.com,19-12-2023
96,Jen Drinkhall,jdrinkhall2n@google.com.au,31-07-2023
97,Koo Boecke,kboecke2o@webs.com,15-11-2023
98,Xylina Dunnan,xdunnan2p@discovery.com,16-07-2023
99,Charlene Fairbrother,cfairbrother2q@chron.com,08-09-2023
100,Vassily Stuchbury,vstuchbury2r@scientificamerican.com,20-07-2023
101,Bethany Punch,bpunch2s@last.fm,18-11-2023
102,Elmo Emmett,eemmett2t@seattletimes.com,02-06-2023
103,Christina Jelks,cjelks2u@ucla.edu,08-09-2023
104,Doralynne Hallum,dhallum2v@hao123.com,09-07-2023
105,Kenna Antonopoulos,kantonopoulos2w@msn.com,05-12-2023
106,Koo Chazotte,kchazotte2x@tmall.com,30-05-2023
107,Daron Thurstan,dthurstan2y@tinyurl.com,18-09-2023
108,Elsy Di Nisco,edi2z@amazon.com,06-12-2023
109,Nathanael De Vaar,nde30@pen.io,29-06-2023
110,Robyn Addams,raddams31@nifty.com,08-06-2023
111,Parke Spilisy,pspilisy32@admin.ch,12-11-2023
112,Libbi Duckett,lduckett33@miitbeian.gov.cn,17-04-2023
113,Rudolfo Ondrusek,rondrusek34@mtv.com,08-05-2023
114,Verne Alvin,valvin35@bravesites.com,08-12-2023
115,Elspeth Lambersen,elambersen36@noaa.gov,05-07-2023
116,Blithe Bradick,bbradick37@imdb.com,31-07-2023
117,Pebrook ffrench Beytagh,pffrench38@ca.gov,25-08-2023
118,Virgie Excell,vexcell39@blogs.com,11-05-2023
119,Raynor Bartolomucci,rbartolomucci3a@tiny.cc,02-10-2023
,,,
,,,
,,,
,,,
,,,
,,,
,,,
,,,
,,,
,,,
,,,
,,,
,,,
,,,
,,,
,,,
,,,
,,,
,,,
,,,
,,,
,,,
,,,
,,,
,,,
,,,
,,,
,,,
,,,
,,,
,,,
,,,
,,,
,,,
,,,
,,,
,,,
,,,
,,,
,,,
,,,
,,,
,,,
,,,
,,,
,,,
,,,
,,,
,,,
,,,
,,,
,,,
,,,
,,,
,,,
,,,
,,,
,,,
,,,
,,,
,,,
,,,
,,,
,,,
,,,
,,,
,,,
,,,
,,,
,,,
,,,
,,,
,,,
,,,
,,,
,,,
,,,
,,,
,,,
,,,
,,,
,,,
,,,
,,,
,,,
,,,
,,,
,,,
,,,
,,,
,,,
,,,
,,,
,,,
,,,
,,,
,,,
,,,
,,,
,,,
,,,
,,,
,,,
,,,
,,,
,,,
,,,
,,,
,,,
,,,
,,,
,,,
,,,
,,,
,,,
,,,
,,,
,,,
,,,
,,,
,,,
,,,
,,,
,,,
,,,
,,,
,,,
,,,
,,,
,,,
,,,
,,,
,,,
,,,
,,,
,,,
,,,
,,,
,,,
,,,
,,,
,,,
,,,
,,,
,,,
,,,
,,,
,,,
,,,
,,,
,,,
,,,
,,,
,,,
,,,
,,,
,,,
,,,
,,,
,,,
,,,
,,,
,,,
,,,
,,,
,,,
,,,
,,,
,,,
,,,
,,,
,,,
,,,
,,,
,,,
,,,
,,,
,,,
,,,
,,,
,,,
,,,
,,,
,,,
,,,
,,,
,,,
,,,
,,,
,,,
,,,
,,,
,,,
,,,
,,,
,,,
,,,
,,,
,,,
,,,
,,,
,,,
,,,
,,,
,,,
,,,
,,,
,,,
,,,
,,,
,,,
,,,
,,,
,,,
,,,
,,,
,,,
,,,
,,,
,,,
,,,
,,,
,,,
,,,
,,,
,,,
,,,
,,,
,,,
,,,
,,,
,,,
,,,
,,,
,,,
,,,
,,,
,,,
,,,
,,,
,,,
,,,
,,,
,,,
,,,
,,,
,,,
,,,
,,,
,,,
,,,
,,,
,,,
,,,
,,,
,,,
,,,
,,,
,,,
,,,
,,,
,,,
,,,
,,,
,,,
,,,
,,,
,,,
,,,
,,,
,,,
,,,
,,,
,,,
,,,
,,,
,,,
,,,
,,,
,,,
,,,
,,,
,,,
,,,
,,,
,,,
,,,
,,,
,,,
,,,
,,,
,,,
,,,
,,,
,,,
,,,
,,,
,,,
,,,
,,,
,,,
,,,
,,,
,,,
,,,
,,,
,,,
,,,
,,,
,,,
,,,
,,,
,,,
,,,
,,,
,,,
,,,
,,,
,,,
,,,
,,,
,,,
,,,
,,,
,,,
,,,
,,,
,,,
,,,
,,,
,,,
,,,
,,,
,,,
,,,
,,,
,,,
,,,
,,,
,,,
,,,
,,,
,,,
,,,
,,,
,,,
,,,
,,,
,,,
,,,
,,,
,,,
,,,
,,,
,,,
,,,
,,,
,,,
,,,
,,,
,,,
,,,
,,,
,,,
,,,
,,,
,,,
,,,
,,,
,,,
,,,
,,,
,,,
,,,
,,,
,,,
,,,
,,,
,,,
,,,
,,,
,,,
,,,
,,,
,,,
,,,
,,,
,,,
,,,
,,,
,,,
,,,
,,,
,,,
,,,
,,,
,,,
,,,
,,,
,,,
,,,
,,,
,,,
,,,
,,,
,,,
,,,
,,,
,,,
,,,
,,,
,,,
,,,
,,,
,,,
,,,
,,,
,,,
,,,
,,,
,,,
,,,
,,,
,,,
,,,
,,,
,,,
,,,
,,,
,,,
,,,
,,,
,,,
,,,
,,,
,,,
,,,
,,,
,,,
,,,
,,,
,,,
,,,
,,,
,,,
,,,
,,,
,,,
,,,
,,,
,,,
,,,
,,,
,,,
,,,
,,,
,,,
,,,
,,,
,,,
,,,
,,,
,,,
,,,
,,,
,,,
,,,
,,,
,,,
,,,
,,,
,,,
,,,
,,,
,,,
,,,
,,,
,,,
,,,
,,,
,,,
,,,
,,,
,,,
,,,
,,,
,,,
,,,
,,,
,,,
,,,
,,,
,,,
,,,
,,,
,,,
,,,
,,,
,,,
,,,
,,,
,,,
,,,
,,,
,,,
,,,
,,,
,,,
,,,
,,,
,,,
,,,
,,,
,,,
,,,
,,,
,,,
,,,
,,,
,,,
,,,
,,,
,,,
,,,
,,,
,,,
,,,
,,,
,,,
,,,
,,,
,,,
,,,
,,,
,,,
,,,
,,,
,,,
,,,
,,,
,,,
,,,
,,,
,,,
,,,
,,,
,,,
,,,
,,,
,,,
,,,
,,,
,,,
,,,
,,,
,,,
,,,
,,,
,,,
,,,
,,,
,,,
,,,
,,,
,,,
,,,
,,,
,,,
,,,
,,,
,,,
,,,
,,,
,,,
,,,
,,,
,,,
,,,
,,,
,,,
,,,
,,,
,,,
,,,
,,,
,,,
,,,
,,,
,,,
,,,
,,,
,,,
,,,
,,,
,,,
,,,
,,,
,,,
,,,
,,,
,,,
,,,
,,,
,,,
,,,
,,,
,,,
,,,
,,,
,,,
,,,
,,,
,,,
,,,
,,,
,,,
,,,
,,,
,,,
,,,
,,,
,,,
,,,
,,,
,,,
,,,
,,,
,,,
,,,
,,,
,,,
,,,
,,,
,,,
,,,
,,,
,,,
,,,
,,,
,,,
,,,
,,,
,,,
,,,
,,,
,,,
,,,
,,,
,,,
,,,
,,,
,,,
,,,
,,,
,,,
,,,
,,,
,,,
,,,
,,,
,,,
,,,
,,,
,,,
,,,
,,,
,,,
,,,
,,,
,,,
,,,
,,,
,,,
,,,
,,,
,,,
,,,
,,,
,,,
,,,
,,,
,,,
,,,
,,,
,,,
,,,
,,,
,,,
,,,
,,,
,,,
,,,
,,,
,,,
,,,
,,,
,,,
,,,
,,,
,,,
,,,
,,,
,,,
,,,
,,,
,,,
,,,
,,,
,,,
,,,
,,,
,,,
,,,
,,,
,,,
,,,
,,,
,,,
,,,
,,,
,,,
,,,
,,,
,,,
,,,
,,,
,,,
,,,
,,,
,,,
,,,
,,,
,,,
,,,
,,,
,,,
,,,
,,,
,,,
,,,
,,,
,,,
,,,
,,,
,,,
,,,
,,,
,,,
,,,
,,,
,,,
,,,
,,,
,,,
,,,
,,,
,,,
,,,
,,,
,,,
,,,
,,,
,,,
,,,
,,,
,,,
,,,
,,,
,,,
,,,
,,,
,,,
,,,
,,,
,,,
,,,
,,,
,,,
,,,
,,,
,,,
,,,
,,,
,,,
,,,
,,,
,,,
,,,
,,,
,,,
,,,
,,,
,,,
,,,
,,,
,,,
,,,
,,,
,,,
,,,
,,,
,,,
,,,
,,,
,,,
,,,
,,,
,,,
,,,
,,,
,,,
,,,
,,,
,,,
,,,
,,,
,,,
,,,
,,,
,,,
,,,
,,,
,,,
,,,
,,,
,,,
,,,
,,,
,,,
,,,
,,,
,,,
,,,
,,,
,,,
,,,
,,,
,,,
,,,
,,,
,,,
,,,
,,,
,,,
,,,
,,,
,,,
,,,
,,,
,,,
,,,
,,,
,,,
,,,
,,,
,,,
,,,
,,,
,,,
,,,
,,,
,,,
,,,
,,,
,,,
,,,
,,,
,,,
,,,
,,,
,,,
,,,
,,,
,,,
,,,
,,,
,,,
,,,
,,,
,,,
,,,
